{"packages/cupertino_icons/assets/CupertinoIcons.ttf":["packages/cupertino_icons/assets/CupertinoIcons.ttf"],"flutter_assets/Design.otf":["flutter_assets/Design.otf"],"flutter_assets/add_icon.png":["flutter_assets/add_icon.png"],"flutter_assets/app_icon.png":["flutter_assets/app_icon.png"],"flutter_assets/blue_hoodie.png":["flutter_assets/blue_hoodie.png"],"flutter_assets/cart_icon.png":["flutter_assets/cart_icon.png"],"flutter_assets/clouds.jpg":["flutter_assets/clouds.jpg"],"flutter_assets/color_icon.png":["flutter_assets/color_icon.png"],"flutter_assets/customIcons.ttf":["flutter_assets/customIcons.ttf"],"flutter_assets/green_hoodie.png":["flutter_assets/green_hoodie.png"],"flutter_assets/light_purple.jpg":["flutter_assets/light_purple.jpg"],"flutter_assets/logo2.png":["flutter_assets/logo2.png"],"flutter_assets/mint_hoodie.png":["flutter_assets/mint_hoodie.png"],"flutter_assets/pink_hoodie.png":["flutter_assets/pink_hoodie.png"],"flutter_assets/powered_by_stripe.png":["flutter_assets/powered_by_stripe.png"],"flutter_assets/silver_hoodie.png":["flutter_assets/silver_hoodie.png"],"flutter_assets/size_icon.png":["flutter_assets/size_icon.png"],"flutter_assets/t_icon.png":["flutter_assets/t_icon.png"],"flutter_assets/white_hoodie.png":["flutter_assets/white_hoodie.png"],"flutter_assets/yellow_hoodie.png":["flutter_assets/yellow_hoodie.png"]}